subgroup,unweighted_effect,weighted_effect,percent_change,classification
non_english,0.2947132638770837,0.2669669408513671,-9.414684178343885,robust
long_prompt,0.0350281724514482,0.0341651335640762,-2.463842178943967,attenuated
code,0.2075261821726102,0.1460168865319324,-29.639294182898475,unstable
safety_toxic,-1.336248235512178,-1.397548042886398,-4.587456562718993,robust
single_turn,-0.1955696161142838,-0.2277006705002501,-16.429471522401574,robust
